model,threshold_strategy,threshold,roc_auc,average_precision,accuracy,precision_class_1,recall_class_1,f1_class_1
final_stacked_ensemble,default_0.5,0.5,0.7965081439402641,0.29671414212483366,0.7183389428157976,0.18573898891262333,0.7355488418932528,0.2965850489300361
final_stacked_ensemble,validation_selected,0.7374248954621307,0.7965081439402641,0.29671414212483366,0.8660715737443702,0.28714545927660684,0.4445115810674723,0.3489052248834084
