model,threshold_strategy,threshold,roc_auc,average_precision,accuracy,precision_class_1,recall_class_1,f1_class_1
final_advanced_pruned_lgbm,default_0.5,0.5,0.794353430966071,0.2967048111538493,0.7590849226866982,0.2035744373570827,0.6813695871097684,0.31348746698790714
final_advanced_pruned_lgbm,validation_selected,0.670437625096521,0.794353430966071,0.2967048111538493,0.867112173389916,0.28939075630252103,0.44390735146022153,0.3503696049598601
