model,threshold_strategy,lightgbm_weight,catboost_weight,threshold,roc_auc,average_precision,accuracy,precision_class_1,recall_class_1,f1_class_1
final_advanced_blend,default_0.5,0.6,0.4,0.5,0.7953380230647751,0.29816282212389184,0.7532640684194267,0.2018107476635514,0.6958710976837865,0.3128820466379896
final_advanced_blend,validation_selected,0.6,0.4,0.6636775147709368,0.7953380230647751,0.29816282212389184,0.8626408467879616,0.2845478164048002,0.46324269889224573,0.3525444512568976
