model,threshold_strategy,lightgbm_weight,catboost_weight,threshold,roc_auc,average_precision,accuracy,precision_class_1,recall_class_1,f1_class_1
final_native_catboost_blend,default_0.5,0.5,0.5,0.5,0.796126495429448,0.2990735301028307,0.7511340910199502,0.20031298904538342,0.6960725075528701,0.3110991088306778
final_native_catboost_blend,validation_selected,0.5,0.5,0.6689777135251893,0.796126495429448,0.2990735301028307,0.864722046079053,0.28600586809542033,0.4515609264853978,0.35020306154326775
