model,threshold_strategy,threshold,roc_auc,average_precision,accuracy,precision_class_1,recall_class_1,f1_class_1
final_advanced_pruned_lgbm_optuna,default_0.5,0.5,0.7948351894938844,0.2962039721297625,0.7647106645204299,0.20613330035860022,0.6715005035246727,0.3154359241212924
final_advanced_pruned_lgbm_optuna,validation_selected,0.656286484805679,0.7948351894938844,0.2962039721297625,0.8616490252508008,0.2826833455972529,0.46424974823766363,0.35139873465965393
