fold,transformed_feature_count,roc_auc,average_precision
1,363,0.7922380160256883,0.2921633179269078
2,363,0.7928205513603983,0.2855365091786567
3,363,0.7924100981780131,0.2873191121220925
