model,phase,raw_feature_count,transformed_feature_count,threshold,best_iteration,roc_auc,average_precision,accuracy,precision_class_1,recall_class_1,f1_class_1
lightgbm_reduced_previous,validation,200,244,0.6738812496837173,,0.7878242713364545,0.2728997756112806,0.8575464412015772,0.2680617076523598,0.4418429003021148,0.3336819089267041
catboost_baseline,validation,200,200,0.7172469658488092,1199,0.7874849070622368,0.2715352043644507,0.8778708182594204,0.3009575923392613,0.3877139979859013,0.33887116294421826
lightgbm_optuna,validation,200,244,0.6564111573463864,1008,0.7892413376055558,0.27649002463116146,0.8575261168245193,0.2712349397590361,0.45342396777442096,0.33942706370147
