model,threshold_strategy,threshold,roc_auc,average_precision,accuracy,precision_class_1,recall_class_1,f1_class_1
lightgbm_optuna_final,default_0.5,0.5,0.7913226894391128,0.29027588505540974,0.7555078614051347,0.20059453032104638,0.6795568982880161,0.30975441817764515
lightgbm_optuna_final,validation_selected,0.6564111573463864,0.7913226894391128,0.29027588505540974,0.8579744077524674,0.2759153590109368,0.467472306143001,0.3470135306870001
