feature_set,threshold_strategy,threshold,roc_auc,average_precision,accuracy,precision_class_1,recall_class_1,f1_class_1
top_200_no_missing_indicators,default_0.5,0.5,0.7903182014452791,0.28761281422150614,0.73824041103686,0.1923289488228142,0.7009063444108762,0.30183442473654537
top_200_no_missing_indicators,validation_selected,0.6738812496837173,0.7903182014452791,0.28761281422150614,0.8616165065118775,0.278762166209134,0.4499496475327291,0.34424840126357964
