feature_set,threshold_strategy,threshold,roc_auc,average_precision,accuracy,precision_class_1,recall_class_1,f1_class_1
positive_gain_raw_grouped_ohe,default_0.5,0.5,0.7900426976240382,0.2886947720725446,0.7386306359039396,0.19203902871715267,0.6976837865055387,0.30117810720340826
positive_gain_raw_grouped_ohe,validation_selected,0.6692768403015732,0.7900426976240382,0.2886947720725446,0.8596491228070176,0.2757735110676287,0.45417925478348437,0.3431745548622736
