feature_set,threshold_strategy,threshold,roc_auc,average_precision,accuracy,precision_class_1,recall_class_1,f1_class_1
domain_compact_350_no_missing_indicators,default_0.5,0.5,0.7904350475258966,0.289424783032464,0.7383542266230916,0.191960578041083,0.6982880161127896,0.3011378441761487
domain_compact_350_no_missing_indicators,validation_selected,0.6820925900744799,0.7904350475258966,0.289424783032464,0.8671934702372242,0.28728914862531546,0.43564954682779455,0.3462461981751241
